URL,Traffic,Traffic value,Keywords,Referring domains,Top keyword: Country,Top keyword,Top keyword: Volume,Top keyword: Position
https://e8markets.com/,14110,36059.82,2267,603,United States,e8 markets,6200,1
https://e8markets.com/about/discount,323,2805.34,46,0,United States,e8 discount code,500,1
https://e8markets.com/about-e8-markets/,244,519.00,18,4,United States,e8 markets,6200,1
https://e8markets.com/e8-markets-evaluation/forex/,222,489.62,6,0,United States,e8 markets,6200,1
https://e8markets.com/meet-e8-markets/,214,472.93,8,10,United States,e8 markets,6200,1
https://e8x.e8markets.com/,172,581.98,28,4,United States,e8x,80,1
https://e8markets.com/e8-markets-evaluation/,155,309.19,4,2,United States,e8 markets,6200,1
https://e8markets.com/about/trial-account,122,271.25,39,2,United States,e8 markets,6200,1
https://e8markets.com/meet-e8-markets,116,394.67,13,10,United States,e8,3700,1
https://e8markets.com/about-e8-markets,106,350.74,11,4,United States,e8,3700,1
https://e8markets.com/e8-markets-evaluation/forex,102,383.46,6,0,United States,e8,3700,1
https://e8markets.com/e8-markets-evaluation,73,313.55,8,2,United States,e8,3700,1
https://help.e8markets.com/en/articles/10751503-how-do-you-log-in-to-your-tradelocker-account,55,77.48,5,0,United Kingdom,tradelocker login,350,7
https://e8markets.com/e8-markets-evaluation/futures,53,252.29,15,1,United States,e8,3700,1
https://e8markets.com/e8-markets-evaluation/futures/,39,40.81,12,1,Uzbekistan,e8,300,1
https://help.e8markets.com/en/articles/9122448-what-is-the-e8-one-account,17,48.29,1,0,United Kingdom,e8,1700,1
https://e8markets.com/e8-traders-stories,11,10.67,6,1,Pakistan,e8,250,1
https://help.e8markets.com/en/articles/9453488-what-are-the-contract-sizes,8,0.00,5,0,United States,contract size,90,8
https://blog.e8markets.com/categories/e8-traders,7,3.60,8,0,Thailand,e8,450,1
https://e8markets.com/e8-traders-stories/,6,17.15,4,1,France,e8,600,1
https://help.e8markets.com/en/articles/9122280-trailing-drawdown-calculation-and-explanation-for-e8-one-account,4,1.10,6,0,United States,what is trailing drawdown,90,13
https://help.e8markets.com/en/articles/5514271-where-is-e8-markets-located,2,,1,,United Kingdom,where is e8,80,10
https://help.e8markets.com/en/,2,1.24,2,8,Turkey,e8,800,1
https://help.e8markets.com/en/articles/9952284-how-do-you-log-in-to-your-ctrader-account,2,2.64,2,0,United States,ctrader login,50,12
https://e8markets.com/affiliate/,1,3.40,5,0,United States,e8 funding discount code,100,17
https://help.e8markets.com/en/articles/9453418-is-there-any-consistency-rule,1,,2,1,United States,consistency rule,80,13
https://blog.e8markets.com/articles/position-size-calculation,1,,3,0,United States,position size formula,30,12
https://blog.e8markets.com/,1,5.95,2,5,Denmark,e8,50,1
https://help.e8markets.com/en/articles/5514966-can-i-hold-positions-overnight-and-trade-over-the-weekend,1,,1,0,Netherlands,weekend trading,200,16
https://help.e8markets.com/en/articles/9799834-what-platform-do-you-offer,1,,2,0,United States,virtual markets,30,11
https://help.e8markets.com/en/articles/7837289-what-is-the-difference-between-equity-based-drawdown-and-balance-based-drawdown,1,,4,0,United States,equity drawdown,50,11
https://e8markets.com/affiliate,1,4.92,2,0,United States,e8 discount code,500,26
https://blog.e8markets.com/articles/how-to-conduct-a-forex-market-sentiment-analysis,1,0.69,12,0,United States,sentiment analysis forex,60,15
https://help.e8markets.com/en/articles/5804554-can-i-trade-crypto-over-the-weekends,1,0.00,5,4,United States,can you trade crypto on weekends,90,17
https://e8markets.com/contact-e8-markets,1,2.30,2,3,Colombia,e8,150,1
https://help.e8markets.com/en/articles/5866774-daily-maximum-loss-explanation-and-calculation-for-preset-e8-classic-account,0,0.01,1,0,United States,daily drawdown,30,36
https://blog.e8markets.com/articles/e8-2024-vision,0,0.00,1,0,United States,e8 funding discount,10,72
https://help.e8markets.com/en/articles/5514982-how-much-leverage-do-you-offer,0,0.00,1,1,United States,eightcap leverage,20,58
https://help.e8markets.com/en/collections/8955956-e8-one-account-preset,0,,1,0,India,1.e8,30,27
https://blog.e8markets.com/articles/how-to-use-moving-averages-in-forex-trading-a-complete-guide,0,0.00,5,0,United States,moving average forex,60,37
https://blog.e8markets.com/articles/festive-trading-discounts,0,0.00,1,0,United States,e8 funding promo code,30,69
https://help.e8markets.com/en/articles/9185497-can-i-trade-news-on-e8-trader-account,0,0.00,3,5,Ukraine,trade the news,40,31
https://blog.e8markets.com/articles/what-is-forex-spread,0,0.00,3,0,United States,what is raw spread in forex,20,23
https://blog.e8markets.com/articles/5-economic-indicators-to-watch,0,0.44,3,0,United States,what are the 5 key economic indicators,70,18
https://blog.e8markets.com/articles/why-risk-reward-ratio-matters-in-forex-trading-a-complete-guide,0,0.02,5,0,United States,risk reward ratio forex,40,31
https://e8x.e8markets.com/login,0,,1,,Turkey,xpro markets login,0,52
https://e8x.e8markets.com/economic-calendar,0,,1,,United States,stock market calander,40,100
https://blog.e8markets.com/articles/forex-terms-explained-the-essential-jargon-every-trader-should-know,0,0.01,4,0,United States,forex terms,30,26
https://e8markets.com/about/symbols,0,0.00,2,0,United States,symbols for trade,50,51
https://help.e8markets.com/en/articles/6118631-how-can-i-change-the-password-of-the-trading-platform,0,0.00,1,0,India,trade password,60,70
https://help.e8markets.com/en/articles/5515039-how-many-accounts-can-i-apply-for-at-once,0,,2,3,United States,how many max accounts can you have,40,34
https://helpfutures.e8markets.com/en/articles/10242392-roadmap-to-e8-live-funded-account,0,,1,0,United States,live funded trading account,20,100
https://helpfutures.e8markets.com/en/articles/10227028-what-is-an-e8-live-funded-account,0,,2,0,United States,live funded account,60,47
https://blog.e8markets.com/articles/the-pros-and-cons-of-automated-forex-trading-is-it-right-for-you,0,0.00,10,0,United States,automated forex system trading,20,16
https://blog.e8markets.com/articles/forex-trading-guide-for-beginners,0,0.00,2,0,United States,currency trading for beginners,250,53
https://helpfutures.e8markets.com/en/articles/10309471-april-trading-schedule,0,,1,0,United States,futures market schedule,50,94
https://help.e8markets.com/en/articles/9271616-is-daily-pause-rule-balance-or-equity-based,0,,3,0,United States,daily pause,0,37
https://blog.e8markets.com/articles/how-to-use-economic-calendar,0,,1,0,United States,how to use an economic calendar,0,54
https://help.e8markets.com/en/collections/3103954-platforms,0,,4,1,United States,meta e8,70,21
https://help.e8markets.com/en/articles/9323900-is-the-daily-drawdown-rule-balance-or-equity-based-on-e8-one-account,0,0.00,1,1,United States,daily drawdown,30,47
https://helpfutures.e8markets.com/en/articles/10248276-tick-size-and-profit-per-tick-calculation,0,0.00,9,0,United States,tick calculator futures,60,32
https://blog.e8markets.com/articles/what-are-pivot-points,0,0.00,3,0,United States,what are pivot points in trading,70,43
https://blog.e8markets.com/articles/how-to-use-bollinger-bands-for-forex-trading-a-step-by-step-guide,0,0.01,7,0,Russian Federation,bollinger bands forex,50,29
https://help.e8markets.com/en/articles/9278369-daily-maximum-profit-cap-explanation-and-calculation-for-preset-e8-pro-v-1-account,0,,1,0,Canada,maximum profit calculator,10,59
https://blog.e8markets.com/articles/weekly-top-traders-3-march-2025,0,,1,0,United States,surge trader payout,0,33
https://blog.e8markets.com/articles/e8-funding-anniversary-bash-exclusive-offers,0,0.00,3,0,Canada,e8 funding discount code,20,28
https://help.e8markets.com/en/articles/9453644-are-clients-from-the-us-accepted,0,,2,0,United States,us clients,10,38
https://help.e8markets.com/en/articles/9323926-can-i-trade-news,0,0.00,6,1,United Kingdom,trade the news,30,39
https://blog.e8markets.com/articles/most-traded-forex-pairs,0,0.00,8,0,United States,most traded forex pairs by volume,50,42
https://helpfutures.e8markets.com/en/articles/10164796-subscriptions-and-activation-fees,0,,2,0,United States,activation price,10,37
https://e8x.e8markets.com/orders/new-order,0,,1,,India,e8 funding review,60,2
https://blog.e8markets.com/articles/forex-vs-stocks,0,0.00,14,0,United States,stocks vs forex,150,50
https://blog.e8markets.com/articles/how-to-turn-losing-streak-around,0,,3,0,United States,what does break my losing streak mean,10,37
https://blog.e8markets.com/articles/introduction-to-fundamental-analysis,0,,2,0,India,introduction to fundamental analysis,40,68
https://blog.e8markets.com/articles/mastering-forex-scalping-a-beginners-guide-to-short-term-trading,0,0.13,6,0,United States,scalping forex trading,20,16
https://blog.e8markets.com/articles/how-to-become-a-successful-trader,0,0.00,1,0,India,how to become a successful trader,250,49
https://blog.e8markets.com/articles/fibonacci-retracement-in-forex-how-to-use-it-for-entry-and-exit-points,0,0.04,8,0,United States,retracement forex,20,21
https://blog.e8markets.com/articles/understanding-volatility-in-forex-how-to-trade-safely-in-choppy-markets,0,,1,0,United States,how to identify choppu trade days,0,56
https://helpfutures.e8markets.com/en/articles/10155917-max-available-contract-sizes,0,0.00,5,0,United States,contract size,90,50
https://blog.e8markets.com/articles/avoid-common-trading-mistakes,0,,2,0,United States,trading mistakes to avoid,40,36
http://help.e8markets.com/en/articles/9323900-is-the-daily-drawdown-rule-balance-or-equity-based-on-e8-one-account,0,,1,0,United States,equity drawdown,50,89
https://helpfutures.e8markets.com/en/articles/10207168-how-to-use-the-e8-marketsx-trading-platform,0,0.00,1,0,Sweden,marketsx,10,7
https://e8markets.com/careers-at-e8-markets/,0,,3,0,United States,8 market,40,1
https://help.e8markets.com/en/articles/9453409-is-there-any-stop-loss-rule,0,,1,1,United States,stop loss rules,20,59
https://help.e8markets.com/en/articles/9005203-how-to-log-in-to-your-matchtrader-account,0,,2,0,United States,match pay login,2100,93
https://help.e8markets.com/en/articles/9453455-are-there-currently-any-discounts,0,0.27,3,0,United Kingdom,e8 funding discount code,40,17
https://help.e8markets.com/en/articles/8856619-initial-balance-drawdown-calculation-and-explanation-for-preset-e8-classic-account,0,,2,0,Indonesia,initial balance adalah,60,23
https://blog.e8markets.com/articles/advent-calendar-christmas-lottery-2024,0,,2,0,United Kingdom,lottery advent calendar,20,28
https://affiliate.e8markets.com/,0,0.00,2,0,India,affiliate marketing login,400,75
https://helpfutures.e8markets.com/en/articles/10149294-daily-profit-cap-rule-for-model-3,0,,1,0,United States,the daily profit,20,83
https://blog.e8markets.com/articles/trading-plan-and-journal,0,,2,1,India,handwritten trading journal,100,20
https://helpfutures.e8markets.com/en/articles/10207141-how-to-log-into-the-e8-marketsx-trading-platform,0,0.00,1,0,Sweden,marketsx,10,16
https://blog.e8markets.com/articles/price-action-strategies-and-indicators,0,0.00,3,1,India,price action entry and exit strategy,50,30
https://help.e8markets.com/en/articles/9448427-can-i-get-a-custom-discount-code-for-my-community,0,0.04,2,0,United Kingdom,e8 funding discount code,40,22
https://help.e8markets.com/en/articles/9453396-are-there-any-lot-size-restrictions,0,,1,1,United States,max lot,10,52
https://blog.e8markets.com/articles/forex-day-trading-guide,0,0.00,5,0,United States,forex day trading rules,90,44
https://help.e8markets.com/en/articles/5514957-is-my-account-live-or-demo,0,0.00,1,0,Brazil,account.live,60,43
https://blog.e8markets.com/articles/vijaya-interview,0,,1,0,United States,fullstory journeys,10,81
https://help.e8markets.com/en/articles/9799834-what-platforms-do-you-offer,0,0.07,1,0,India,virtual markets,30,15
https://blog.e8markets.com/articles/forex-market-hours,0,0.00,69,0,United States,london market open time est,70,47
https://blog.e8markets.com/articles/george-soros-vs-bank-of-england,0,,8,0,United States,george soros bank of england,250,40
https://helpfutures.e8markets.com/en/articles/10207083-instrument-list-and-trading-hours,0,0.01,15,0,United States,e mini dow trading hours,30,17
https://blog.e8markets.com/articles/understanding-support-and-resistance-levels-in-forex-trading,0,0.00,3,0,Nigeria,resistance in forex,50,40
https://blog.e8markets.com/articles/forex-prop-firm-alternative,0,0.00,1,0,United States,start a forex prop firm,30,88
https://help.e8markets.com/en/articles/9448349-what-is-the-payout-on-demand,0,,3,4,Turkey,payout ne demek,30,37
https://helpfutures.e8markets.com/en/articles/10149596-can-i-hold-positions-overnight,0,,1,0,United States,holding futures overnight,20,65
https://blog.e8markets.com/articles/prop-firm-trading-risk-and-reward,0,,2,0,United States,trading for a prop firm,40,50
https://e8markets.com/contact-e8-markets/,0,,2,6,United States,what is e8,50,5
