Keyword,Previous ad title,Current ad title,Previous ad display URL,Current ad display URL,Previous ad description,Current ad description,Volume,KD,CPC,Previous paid traffic,Current paid traffic,Paid traffic change,Previous ad block,Previous ad position,Current ad block,Current ad position,Previous URL,Current URL,SERP features,Previous date,Current date
trading,Empieza a operar,Mi centro de anuncios,https://evaluation.e8markets.com,https://www.e8markets.com,Opciones de trading a medida — E8 Markets: donde los traders expertos maximizan sus ganancias con cuentas personalizables. E8 Markets ofrece condiciones de trading superiores y mejores que las de...,"Start Trading Today — Withdraw profits on-demand, no hidden fees, flexible scaling, free retry if rules met.",25000,16,0.44,1433,432,-1001,Top ads,1,Top ads,1,https://evaluation.e8markets.com/?lang=es,https://e8markets.com/,"AI Overview, Thumbnail, Top ads, People also ask, Sitelinks, Video preview, Bottom ads, Paid sitelinks, Knowledge panel",2025-06-06 00:37:57,2025-07-17 09:45:25
inversión,Empieza a operar,,https://evaluation.e8markets.com,,Opera con Libertad Total — E8 Markets: donde los traders expertos maximizan sus ganancias con cuentas personalizables,,18000,9,0.36,311,,,Top ads,1,,,https://evaluation.e8markets.com/?lang=es,,"Top ads, Top stories, Thumbnail, Sitelinks, People also ask, Video preview, Bottom ads, Paid sitelinks",2025-06-08 15:34:35,
trader,,Mi centro de anuncios,,https://www.e8markets.com,,"Start Trading Today — Withdraw profits on-demand, no hidden fees, flexible scaling, free retry if rules met. Pass...",4300,12,0.53,,109,,,,Top ads,1,,https://e8markets.com/,"Featured snippet, Top ads, Paid sitelinks, People also ask, Sitelinks, Video preview, Bottom ads, Knowledge panel",,2025-07-19 11:51:57
fundednext,Conserva el 100% de ganancias | Hasta $400K de saldo,Funded Futures Account | Best Funded Account Challenge,https://evaluation.e8markets.com,https://www.e8markets.com,E8 Markets: donde los traders expertos maximizan sus ganancias con cuentas personalizables. E8 Markets ofrece condiciones de trading superiores y mejores que las de firmas fondeadas.,"Withdraw profits on-demand, no hidden fees, flexible scaling, free retry if rules met. Pass...",3500,0,0.36,83,93,10,Bottom ads,2,Top ads,2,https://evaluation.e8markets.com/?lang=es,https://e8markets.com/,"Top ads, Sitelinks, People also ask, Video preview, Bottom ads, Paid sitelinks",2025-06-11 23:42:07,2025-06-26 02:06:04
funded next,,E8 Markets Prop Firm | Instant Payouts,,https://www.e8markets.com,,"Withdraw profits on-demand, no hidden fees, flexible scaling, free retry if rules met. Pass...",800,0,0.38,,42,,,,Bottom ads,1,,https://e8markets.com/,"Sitelinks, Video preview, Bottom ads, Paid sitelinks",,2025-06-30 00:31:51
funding pips,,Funded Futures Account | Instant Payouts,,https://www.e8markets.com,,"Withdraw profits on-demand, no hidden fees, flexible scaling, free retry if rules met. Pass...",1200,2,0.16,,12,,,,Top ads,4,,https://e8markets.com/,"Top ads, Paid sitelinks, Sitelinks, People also ask, Video preview",,2025-07-03 06:00:09
imbalance trading,,E8 Markets Prop Firm,,https://www.e8markets.com,,"Best Prop Firm LATAM Traders — Withdraw profits on-demand, no hidden fees, flexible scaling, free retry if rules met. Pass 1-step evaluation, earn up to $500K funding & keep up to 100% profits. 100% Payout Share.",200,0,0.32,,10,,,,Bottom ads,1,,https://e8markets.com/,"Top ads, Paid sitelinks, Sitelinks, Video preview, People also ask, Bottom ads",,2025-07-03 05:30:12
cuenta de fondeo,,E8 Markets Prop Firm,,https://www.e8markets.com,,"100% Payout Share — Withdraw profits on-demand, no hidden fees, flexible scaling, free retry if rules met. Pass...",200,4,0.51,,5,,,,Bottom ads,1,,https://e8markets.com/,"Top ads, AI Overview, Thumbnail, Sitelinks, Video preview, People also ask, Bottom ads, Paid sitelinks",,2025-06-28 02:35:06
futures trading,E8markets.com - Empieza a operar,E8markets.com - Empieza a operar,https://evaluation.e8markets.com,https://evaluation.e8markets.com,Opera con Libertad Total — E8 Markets: donde los traders expertos maximizan sus ganancias con cuentas personalizables,Opera con Libertad Total — E8 Markets: donde los traders expertos maximizan sus ganancias con cuentas personalizables,100,54,0.92,4,4,0,Top ads,2,Top ads,2,https://evaluation.e8markets.com/?lang=es,https://evaluation.e8markets.com/?lang=es,"Top ads, Paid sitelinks, Knowledge panel, People also ask, Video preview, Bottom ads",2025-06-15 06:45:42,2025-06-15 06:45:42
ticktick trader,,Funded Futures Account,,https://www.e8markets.com,,"Instant Payouts — Withdraw profits on-demand, no hidden fees, flexible scaling, free retry if rules met. Pass...",200,0,0.55,,4,,,,Bottom ads,2,,https://e8markets.com/,"Top ads, Paid sitelinks, Sitelinks, Knowledge panel, Video preview, People also ask, Top stories, Bottom ads",,2025-06-30 04:50:52
uprofit trader,,Funded Futures Account,,https://www.e8markets.com,,"Get Up to $500K Funding — Withdraw profits on-demand, no hidden fees, flexible scaling, free retry if rules met. Pass...",150,0,0.14,,4,,,,Bottom ads,2,,https://e8markets.com/,"Top ads, Sitelinks, People also ask, Video preview, Top stories, Bottom ads, Paid sitelinks",,2025-07-20 00:55:15
instant funding,,100% Payout Share | E8 Markets Prop Firm | Instant Payouts,,https://www.e8markets.com,,"Withdraw profits on-demand, no hidden fees, flexible scaling, free retry if rules met. Pass...",150,0,0.65,,3,,,,Top ads,3,,https://e8markets.com/e8-markets-evaluation/forex/,"Top ads, Sitelinks, Video preview, Bottom ads, Paid sitelinks",,2025-06-29 06:42:31
cuentas de fondeo,,Best Funded Account Challenge,,https://www.e8markets.com,,"100% Payout Share — Withdraw profits on-demand, no hidden fees, flexible scaling, free retry if rules met. Pass...",200,3,0.52,,3,,,,Bottom ads,3,,https://e8markets.com/,"AI Overview, Thumbnail, Video preview, People also ask, Sitelinks, Bottom ads, Paid sitelinks",,2025-07-11 15:41:33
mercado financiero,Empieza a operar,,https://evaluation.e8markets.com,,Opera con Libertad Total — E8 Markets: donde los traders expertos maximizan sus ganancias con cuentas personalizables. E8 Markets ofrece condiciones de trading superiores y mejores que las de...,,1100,33,0.18,3,,,Bottom ads,2,,,https://evaluation.e8markets.com/?lang=es,,"Top ads, Paid sitelinks, People also ask, Knowledge panel, Top stories, Thumbnail, Sitelinks, Video preview, Bottom ads",2025-06-11 22:38:02,
tradinf,,E8 Markets Prop Firm | 100% Payout Share | Start Trading,,https://www.e8markets.com,,"Withdraw profits on-demand, no hidden fees, flexible scaling, free retry if rules met. Pass...",50,26,,,3,,,,Top ads,2,,https://e8markets.com/,"Top ads, People also ask, Knowledge panel, Sitelinks, Video preview, Bottom ads",,2025-06-26 22:52:55
plataformas de trading argentina,,E8 Markets Prop Firm | Legit US Company,,https://www.e8markets.com,,"Withdraw profits on-demand, no hidden fees, flexible scaling, free retry if rules met. Pass...",40,17,0.53,,2,,,,Top ads,1,,https://e8markets.com/,"Top ads, Paid sitelinks, AI Overview, Thumbnail, People also ask, Sitelinks, Video preview, Bottom ads",,2025-06-29 14:40:37
e8 funding,,E8 Markets Prop Firm,,https://www.e8markets.com,,"100% Payout Share — Withdraw profits on-demand, no hidden fees, flexible scaling, free retry if rules met. Pass 1-step evaluation, earn up to $500K funding & keep up to 100% profits. Instant Payouts.",50,1,0.30,,2,,,,Bottom ads,1,,https://e8markets.com/,"Sitelinks, Video preview, Bottom ads, Paid sitelinks",,2025-07-18 12:31:03
tradigview,,E8 Markets Prop Firm - Start Trading - Start Trading Today,,https://www.e8markets.com,,"Withdraw profits on-demand, no hidden fees, flexible scaling, free retry if rules met. Pass 1-step evaluation, earn up to $500K funding & keep up to 100% profits. News Trading Allowed. Instant Payouts. Up to 500K Balance.",80,0,0.10,,2,,,,Bottom ads,2,,https://e8markets.com/,"Top ads, Sitelinks, Video preview, Bottom ads, Paid sitelinks",,2025-07-01 06:46:03
empresas de fondeo,,E8 Markets Prop Firm | 100% Payout Share,,https://www.e8markets.com,,"Withdraw profits on-demand, no hidden fees, flexible scaling, free retry if rules met. Pass...",150,2,0.12,,2,,,,Top ads,4,,https://e8markets.com/,"Top ads, Paid sitelinks, AI Overview, Thumbnail, Video preview, People also ask, Bottom ads",,2025-06-29 20:34:47
comorar acciones,Empieza a operar,,https://evaluation.e8markets.com,,Reto #1 Financiado del Mercado — E8 Markets: donde los traders expertos maximizan sus ganancias con cuentas personalizables,,20,11,0.32,2,,,Top ads,1,,,https://evaluation.e8markets.com/?lang=es,,"Top ads, People also ask, Sitelinks, Video preview",2025-06-06 18:12:07,
thinkorswim,Empieza a operar,Empieza a operar,https://evaluation.e8markets.com,https://evaluation.e8markets.com,Sin mínimo ni máximo de días — E8 Markets: donde los traders expertos maximizan sus ganancias con cuentas personalizables. E8 Markets ofrece condiciones de trading superiores y mejores que las de...,Sin mínimo ni máximo de días — E8 Markets: donde los traders expertos maximizan sus ganancias con cuentas personalizables. E8 Markets ofrece condiciones de trading superiores y mejores que las de...,300,14,0.59,1,1,0,Bottom ads,1,Bottom ads,1,https://evaluation.e8markets.com/?lang=es,https://evaluation.e8markets.com/?lang=es,"Top ads, Knowledge panel, People also ask, Video preview, Bottom ads, Paid sitelinks",2025-06-15 07:11:06,2025-06-15 07:11:06
forexfactory.com,,E8 Markets Prop Firm | Instant Payouts,,https://www.e8markets.com,,"Withdraw profits on-demand, no hidden fees, flexible scaling, free retry if rules met. Pass...",40,0,0.13,,1,,,,Top ads,1,,https://e8markets.com/,"Top ads, Paid sitelinks, Sitelinks, Video preview, Bottom ads",,2025-06-28 19:26:29
prop firms,Firma Propietaria de élite,,https://evaluation.e8markets.com,,Empieza a operar — E8 Markets: donde los traders expertos maximizan sus ganancias con cuentas personalizables,,50,0,0.27,1,,,Bottom ads,2,,,https://evaluation.e8markets.com/?lang=es,,"Top ads, Sitelinks, Knowledge panel, People also ask, Bottom ads, Paid sitelinks",2025-06-08 18:16:37,
automated trading software,,E8 Markets Prop Firm,,https://www.e8markets.com,,"Get Up to $500K Funding — Withdraw profits on-demand, no hidden fees, flexible scaling, free retry if rules met. Pass...",10,52,0.19,,1,,,,Top ads,1,,https://e8markets.com/,"Top ads, Knowledge panel, Sitelinks, People also ask, Video preview, Bottom ads, Paid sitelinks",,2025-06-27 21:54:03
stockmarket,Pagos más rápidos del mercado,,https://evaluation.e8markets.com,,Opera con Libertad Total — E8 Markets: donde los traders expertos maximizan sus ganancias con cuentas personalizables.,,10,99,0.12,1,,,Top ads,1,,,https://evaluation.e8markets.com/?lang=es,,"Top ads, Sitelinks, People also ask, Video preview, Bottom ads, Paid sitelinks",2025-06-06 18:29:39,
brokerage,,E8 Markets Prop Firm,,https://www.e8markets.com,,"Start Trading — Withdraw profits on-demand, no hidden fees, flexible scaling, free retry if rules met. Pass...",30,0,0.46,,1,,,,Bottom ads,1,,https://e8markets.com/,"Knowledge card, Top ads, Paid sitelinks, People also ask, Video preview, Sitelinks, Bottom ads",,2025-07-01 18:47:49
broker exness,,Start Trading | Funded Futures Account,,https://www.e8markets.com,,E8 Markets,40,0,0.73,,1,,,,Top ads,3,,https://e8markets.com/,"Top ads, Sitelinks, People also ask, Video preview, Bottom ads",,2025-06-29 19:02:32
forex funding,Sin mínimo ni máximo de días - Hasta $400K de saldo,,https://evaluation.e8markets.com,,E8 Markets: donde los traders expertos maximizan sus ganancias con cuentas personalizables. E8 Markets ofrece condiciones de trading superiores y mejores que las de...,,10,72,0.37,1,,,Bottom ads,1,,,https://evaluation.e8markets.com/?lang=es,,"People also ask, Sitelinks, Video preview, Bottom ads",2025-06-06 18:20:14,
api trading,,E8 Markets Prop Firm,,https://www.e8markets.com,,"100% Payout Share — Withdraw profits on-demand, no hidden fees, flexible scaling, free retry if rules met. Pass...",20,7,0.30,,1,,,,Top ads,2,,https://e8markets.com/,"Top ads, Paid sitelinks, People also ask, Sitelinks, Video preview, Bottom ads",,2025-06-29 11:44:03
best stock trading platform,Hasta $400K de saldo,,https://evaluation.e8markets.com,,Sin mínimo ni máximo de días — E8 Markets: donde los traders expertos maximizan sus ganancias con cuentas personalizables. E8 Markets ofrece condiciones de trading superiores y mejores que las de...,,20,93,3.54,1,,,Bottom ads,2,,,https://evaluation.e8markets.com/?lang=es,,"People also ask, Sitelinks, Video preview, Bottom ads, Paid sitelinks",2025-06-06 19:31:38,
prueba de fondeo gratis,Hasta $400K de saldo,Hasta $400K de saldo,https://evaluation.e8markets.com,https://evaluation.e8markets.com,Sin mínimo ni máximo de días — E8 Markets: donde los traders expertos maximizan sus ganancias con cuentas personalizables. E8 Markets ofrece condiciones de trading superiores y mejores que las de...,Sin mínimo ni máximo de días — E8 Markets: donde los traders expertos maximizan sus ganancias con cuentas personalizables. E8 Markets ofrece condiciones de trading superiores y mejores que las de...,10,1,0.12,1,1,0,Top ads,1,Top ads,1,https://evaluation.e8markets.com/?lang=es,https://evaluation.e8markets.com/?lang=es,"AI Overview, Thumbnail, Top ads, Sitelinks, People also ask, Video preview",2025-06-15 14:37:17,2025-06-15 14:37:17
fidelcrest,,Mi centro de anuncios,,https://www.e8markets.com,,"Get Up to $500K Funding — Withdraw profits on-demand, no hidden fees, flexible scaling, free retry if rules met.",10,0,0.30,,1,,,,Top ads,2,,https://e8markets.com/,"AI Overview, Thumbnail, Top ads, Video preview, Sitelinks, Bottom ads, Paid sitelinks",,2025-07-14 04:56:15
trade platform,Empieza a operar,,https://evaluation.e8markets.com,,Opera con Libertad Total — E8 Markets: donde los traders expertos maximizan sus ganancias con cuentas personalizables,,10,71,0.84,1,,,Top ads,3,,,https://evaluation.e8markets.com/?lang=es,,"AI Overview, Thumbnail, Top ads, Paid sitelinks, Knowledge panel, People also ask, Sitelinks, Bottom ads",2025-06-06 11:50:04,
mt4 multiterminal,,No Minimum or Maximum Days - Go Beyond Prop Firms,,https://www.e8markets.com,,"Customize your trading with drawdown, balance, payout share options & more",20,0,1.10,,1,,,,Bottom ads,1,,https://e8markets.com/e8-markets-evaluation/forex/,"Top ads, Paid sitelinks, People also ask, Video preview, Bottom ads",,2025-06-29 13:13:47
daytrader,,E8 Markets Prop Firm - Start Trading Today - Start Trading,,https://www.e8markets.com,,"Withdraw profits on-demand, no hidden fees, flexible scaling, free retry if rules met. Pass...",30,7,0.28,,1,,,,Top ads,3,,https://e8markets.com/,"Top ads, People also ask, Sitelinks, Video preview, Bottom ads, Knowledge panel",,2025-06-27 18:25:22
cuenta fondeada,,E8 Markets Prop Firm | Get Up to $500K Funding,,https://www.e8markets.com,,"Withdraw profits on-demand, no hidden fees, flexible scaling, free retry if rules met. Pass 1-step evaluation, earn up to $500K funding & keep up to 100% profits. Up to 500K Balance.",30,0,0.16,,1,,,,Top ads,3,,https://e8markets.com/,"Top ads, People also ask, Video preview, Sitelinks, Bottom ads, Paid sitelinks",,2025-06-30 11:00:33
pruebas de fondeo forex,,Mi centro de anuncios,,https://www.e8markets.com,,"Best Funded Account Challenge — Withdraw profits on-demand, no hidden fees, flexible scaling, free retry if rules met. Pass...",20,0,0.23,,0,,,,Bottom ads,1,,https://e8markets.com/,"Top ads, AI Overview, Thumbnail, Sitelinks, People also ask, Video preview, Bottom ads, Paid sitelinks",,2025-07-13 22:55:38
forex trading demo,,Start Trading,,https://www.e8markets.com,,"Start Trading Today — Withdraw profits on-demand, no hidden fees, flexible scaling, free retry if rules met. Pass...",30,47,0.53,,0,,,,Bottom ads,3,,https://e8markets.com/e8-markets-evaluation/forex/,"Top ads, Sitelinks, Video preview, Bottom ads, Paid sitelinks",,2025-07-19 18:50:37
forex spreads,,E8 Markets Prop Firm | Legit US Company | Start Trading,,https://www.e8markets.com,,"Withdraw profits on-demand, no hidden fees, flexible scaling, free retry if rules met. Pass 1-step evaluation, earn up to $500K funding & keep up to 100% profits. Up to 500K Balance.",20,4,0.38,,0,,,,Top ads,1,,https://e8markets.com/,"Top ads, Paid sitelinks, People also ask, Video preview, Bottom ads",,2025-06-28 19:18:09
empresas de trading,,Start Trading,,https://www.e8markets.com,,"Start Trading Today — Withdraw profits on-demand, no hidden fees, flexible scaling, free retry if rules met. Pass...",20,40,0.14,,0,,,,Bottom ads,1,,https://e8markets.com/,"Featured snippet, Top ads, People also ask, Video preview, Bottom ads, Paid sitelinks",,2025-07-10 02:24:48
investing futures,,E8 Markets Prop Firm,,https://www.e8markets.com,,"Get Up to $500K Funding — Withdraw profits on-demand, no hidden fees, flexible scaling, free retry if rules met. Pass...",10,27,0.10,,0,,,,Bottom ads,1,,https://e8markets.com/,"Top ads, Paid sitelinks, Video preview, Bottom ads",,2025-06-29 21:20:58
pruebas de fondeo gratis,,Get Up to $500K Funding,,https://www.e8markets.com,,"Join 30K+ Funded Traders — Withdraw profits on-demand, no hidden fees, flexible scaling, free retry if rules met. Pass...",10,0,0.12,,0,,,,Top ads,1,,https://e8markets.com/,"Top ads, Paid sitelinks, Sitelinks, Video preview, People also ask, Bottom ads",,2025-07-20 09:53:27
block trade,,Start Trading,,https://www.e8markets.com,,"Trade with Ultimate Freedom — Withdraw profits on-demand, no hidden fees, flexible scaling, free retry if rules met. Pass...",20,11,0.13,,0,,,,Bottom ads,3,,https://e8markets.com/e8-markets-evaluation/forex/,"AI Overview, Thumbnail, People also ask, Knowledge panel, Sitelinks, Video preview, Bottom ads, Paid sitelinks",,2025-07-20 15:33:06
livecharts.co.uk currency strength,,E8 Markets Prop Firm | Legit US Company,,https://www.e8markets.com,,"Withdraw profits on-demand, no hidden fees, flexible scaling, free retry if rules met. Pass...",10,11,,,0,,,,Bottom ads,1,,https://e8markets.com/,"Sitelinks, Bottom ads, Paid sitelinks",,2025-06-27 23:39:48
vantage fx,,Funded Futures Account,,https://www.e8markets.com,,"Get Up to $500K Funding — Withdraw profits on-demand, no hidden fees, flexible scaling, free retry if rules met. Pass...",10,3,0.40,,0,,,,Bottom ads,3,,https://e8markets.com/,"Top ads, Paid sitelinks, Sitelinks, People also ask, Video preview, Bottom ads",,2025-07-09 23:50:31
myforexfunds,,Funded Futures Account,,https://www.e8markets.com,,"E8 Markets Prop Firm — Withdraw profits on-demand, no hidden fees, flexible scaling, free retry if rules met.",10,0,0.35,,0,,,,Top ads,3,,https://e8markets.com/,"Top ads, Paid sitelinks, Thumbnail, Video preview",,2025-06-29 11:25:07
world traders broker,,E8 Markets Prop Firm | Best Prop Firm LATAM Traders,,https://www.e8markets.com,,"Withdraw profits on-demand, no hidden fees, flexible scaling, free retry if rules met. Pass...",10,0,0.31,,0,,,,Bottom ads,2,,https://e8markets.com/,"Top ads, Sitelinks, Video preview, People also ask, Bottom ads, Paid sitelinks, Knowledge panel",,2025-06-28 23:40:40
freqtrade,,E8 Markets Prop Firm - Trade with Ultimate Freedom,,https://www.e8markets.com,,"Withdraw profits on-demand, no hidden fees, flexible scaling, free retry if rules met. Pass 1-step evaluation, earn up to $500K funding & keep up to 100% profits. Up to 500K Balance.",10,4,0.18,,0,,,,Bottom ads,3,,https://e8markets.com/,"Top ads, Paid sitelinks, Sitelinks, People also ask, Video preview, Bottom ads",,2025-06-30 01:57:21
forex accounts,,Mi centro de anuncios,,https://www.e8markets.com,,"Get Up to $500K Funding — Withdraw profits on-demand, no hidden fees, flexible scaling, free retry if rules met. Pass...",10,46,4.31,,0,,,,Bottom ads,3,,https://e8markets.com/,"Top ads, AI Overview, People also ask, Sitelinks, Video preview, Bottom ads, Paid sitelinks",,2025-07-17 04:41:43
ninja traders,,E8 Markets Prop Firm | Trade with Ultimate Freedom,,https://www.e8markets.com,,"Withdraw profits on-demand, no hidden fees, flexible scaling, free retry if rules met. Pass 1-step evaluation, earn up to $500K funding & keep up to 100% profits. News Trading Allowed. 100% Payout Share.",10,0,0.18,,0,,,,Bottom ads,3,,https://e8markets.com/,"Top ads, Sitelinks, People also ask, Video preview, Bottom ads",,2025-07-01 08:54:15
my forex found,,Funded Futures Account,,https://www.e8markets.com,,"Best Prop Firm LATAM Traders — Withdraw profits on-demand, no hidden fees, flexible scaling, free retry if rules met.",10,0,0.35,,0,,,,Bottom ads,3,,https://e8markets.com/,"Top ads, Paid sitelinks, People also ask, Sitelinks, Video preview, Bottom ads",,2025-07-14 06:55:24
myforexfound,,E8 Markets Prop Firm,,https://www.e8markets.com,,"Best Prop Firm LATAM Traders — Withdraw profits on-demand, no hidden fees, flexible scaling, free retry if rules met. Pass...",10,0,0.50,,0,,,,Bottom ads,3,,https://e8markets.com/,"Top ads, Paid sitelinks, Video preview, Sitelinks, Bottom ads",,2025-07-11 02:11:07
e8,,E8 Markets Prop Firm,,https://www.e8markets.com,,"Trade with Ultimate Freedom — Withdraw profits on-demand, no hidden fees, flexible scaling, free retry if rules met. Pass 1-step evaluation, earn up to $500K funding & keep up to 100% profits. Up to 500K Balance.",100,1,0.13,,0,,,,Top ads,1,,https://e8markets.com/,"Top ads, Sitelinks, People also ask, Video preview, Bottom ads, Paid sitelinks",,2025-07-01 15:30:12
trading intradiario,Fases de evaluación 1-3,,https://evaluation.e8markets.com,,Sin mínimo ni máximo de días — E8 Markets: donde los traders expertos maximizan sus ganancias con cuentas personalizables. E8 Markets ofrece condiciones de trading superiores y mejores que las de...,,20,0,0.23,0,,,Bottom ads,1,,,https://evaluation.e8markets.com/?lang=es,,"AI Overview, Thumbnail, People also ask, Video preview, Bottom ads",2025-06-06 18:39:18,
ofp,,E8 Markets Prop Firm,,https://www.e8markets.com,,"Funded Futures Account — Withdraw profits on-demand, no hidden fees, flexible scaling, free retry if rules met. Pass...",70,0,1.10,,0,,,,Top ads,2,,https://e8markets.com/,"Top ads, Paid sitelinks, Sitelinks, People also ask, Video preview, Bottom ads",,2025-07-12 06:35:45
